{
  "health": {
    "precision": 1.0,
    "recall": 0.42857142857142855,
    "f1-score": 0.6,
    "support": 7,
    "confused_with": {}
  },
  "months_old": {
    "precision": 0.875,
    "recall": 1.0,
    "f1-score": 0.9333333333333333,
    "support": 28,
    "confused_with": {}
  },
  "symptom": {
    "precision": 1.0,
    "recall": 1.0,
    "f1-score": 1.0,
    "support": 22,
    "confused_with": {}
  },
  "days_sick": {
    "precision": 1.0,
    "recall": 0.6666666666666666,
    "f1-score": 0.8,
    "support": 12,
    "confused_with": {
      "months_old": 4
    }
  },
  "micro avg": {
    "precision": 0.9384615384615385,
    "recall": 0.8840579710144928,
    "f1-score": 0.9104477611940298,
    "support": 69
  },
  "macro avg": {
    "precision": 0.96875,
    "recall": 0.7738095238095238,
    "f1-score": 0.8333333333333333,
    "support": 69
  },
  "weighted avg": {
    "precision": 0.9492753623188406,
    "recall": 0.8840579710144928,
    "f1-score": 0.8975845410628018,
    "support": 69
  }
}